35054823;03520-000;-23.5471962;-46.5216776
35098619;05774-300;-23.6356133;-46.7495293
35055384;08223-090;-23.5344295;-46.4729591
35909026;03570-000;-23.5655803;-46.4867881
35054860;03560-020;-23.5470337;-46.4996622
35054379;03934-000;-23.5904288;-46.50173239999999
35002537;03669-030;-23.5318736;-46.4921771
35004194;05632-020;-23.6000948;-46.7363654
35002549;03542-050;-23.5331636;-46.5158773
35925998;04846-000;-23.7445338;-46.6903192
35004303;01524-010;-23.5655634;-46.6150881
35003232;03973-000;-23.6201893;-46.48017369999999
35001351;02269-080;-23.4702768;-46.59514619999999
35003244;08330-120;-23.616394;-46.4700472
35053922;05767-400;-23.6380032;-46.7611994
35004200;05361-010;-23.565796;-46.749674
35005381;04821-270;-23.541059;-46.3630212
35004212;05616-010;-23.5868632;-46.7209639
35004259;05624-060;-23.596607;-46.7297178
35053764;02408-030;-23.4820681;-46.6265479
35044301;08161-225;-22.3818824;-47.3892099
35038261;04872-060;-23.5450555;-46.2033753
35916791;05885-540;-23.6796836;-46.74401150000001
35002653;03525-090;-23.5529736;-46.5149473
35054227;04827-250;-23.7223298;-46.701929
35907194;04844-300;-23.7515108;-46.7013553
35000760;02071-013;-23.5073432;-46.5994178
35000197;05176-000;-23.4670608;-46.7478494
35438054;05877-150;-23.6947483;-46.78902979999999
35400051;08257-010;-23.535622;-46.357782
35087661;05846-100;-23.6578868;-46.7448269
35003530;01154-000;-23.5298532;-46.6569283
35041749;05840-060;-23.6440133;-46.74071929999999
35001016;02346-000;-23.4671131;-46.6057677
35005289;04836-130;-23.7444037;-46.71301440000001
35054410;02226-001;-23.4849836;-46.5722509
35002938;08120-180;-23.5046648;-46.3942694
35004157;05503-000;-23.5702821;-46.7113508
35001173;02308-090;-23.4773581;-46.6062577
35087282;08395-330;-23.6213166;-46.45612939999999
35038118;08140-550;-23.5177343;-46.3942694
35003177;08390-000;-23.4975316;-46.3721379
35037597;05537-100;-23.5858111;-46.735659
35053173;05566-000;-23.592618;-46.79268740000001
35419801;04837-210;-23.7471338;-46.70621939999999
35282480;04474-240;-23.7035168;-46.6407557
35068627;05183-000;-23.4522296;-46.752081
35415108;03685-070;-23.5242736;-46.4813762
35909212;04814-150;-23.4712956;-47.4695217
35055232;08440-000;-23.5319765;-46.4146806
35005319;04890-400;-23.8308899;-46.7260924
35068706;08472-170;-23.5723865;-46.4044738
35003300;03946-010;-23.5974339;-46.4889073
35003897;05428-010;-23.5651799;-46.6998252
35040319;02617-050;-23.4672029;-46.65770810000001
35001168;02255-130;-23.4772282;-46.59202759999999
35003189;03958-010;-23.5980589;-46.4853423
35003360;05059-040;-23.5337082;-46.710989
35005400;05818-260;-28.2674571;-52.3860197
35424161;02810-000;-23.4551902;-46.7134061
35053284;05546-000;-23.5874995;-46.769011
35098462;05742-100;-23.6120232;-46.7496752
35000206;02942-000;-23.4774728;-46.7216986
35037436;05588-001;-23.590538;-46.7730993
35054306;04766-050;-23.6704785;-46.7091591
35002239;03381-000;-23.592046;-46.534918
35398408;08381-001;-23.6077194;-46.4296948
35056571;04474-340;-23.6999528;-46.6464188
35054914;03256-000;-23.6095872;-46.5288992
35055037;03245-010;-23.604221;-46.5391316
35003190;08210-210;-23.5401438;-46.4525768
35037618;04194-280;-23.6527704;-46.6096119
35053181;05386-070;-23.565341;-46.7627831
35002045;03406-040;-23.5387945;-46.5459225
35001466;03057-040;-23.5411244;-46.5947529
35055116;03676-090;-23.5193544;-46.4946058
35054665;05125-090;-23.4998788;-46.7383157
35041671;03589-010;-23.5493147;-46.48498439999999
35923539;08150-450;-23.5223538;-46.4102365
35002057;03433-025;-23.5602686;-46.5319086
35098723;03974-050;-23.6174936;-46.4843826
35044027;04456-000;-23.6210156;-46.5673366
35445548;04475-230;-23.6984178;-46.6304666
35001284;02337-040;-23.4774351;-46.6118228
35053144;05587-160;-23.5739469;-46.7297178
35039172;04892-010;-23.8510341;-46.7165498
35410743;04330-060;-23.6526136;-46.64609859999999
35050398;04849-080;-23.7426278;-46.6723448
35004169;05619-000;-23.5885912;-46.72693109999999
35037692;05182-000;-23.4508476;-46.7458886
35076132;03021-020;-23.5275333;-46.5999689
35001659;03012-050;-23.5401993;-46.614063
35001739;03138-010;-23.5876436;-46.5823979
35003311;08320-200;-23.629305;-46.4742873
35001430;03345-000;-23.5729106;-46.5612697
35053089;02853-010;-23.4579268;-46.6940784
35001442;03165-002;-23.5555284;-46.5999779
35000784;02055-001;-23.5150833;-46.6058379
35000437;02723-000;-23.498748;-46.6805763
35053351;02545-000;-23.495403;-46.6613132
35001272;02352-090;-23.4550331;-46.5975568
35004698;04347-110;-23.6448036;-46.64703859999999
35003384;05074-020;-23.521273;-46.7059386
35053533;05307-040;-23.4919524;-46.74738910000001
35924738;02820-070;-23.4460927;-46.7084584
35037047;08215-580;-23.5464838;-46.4439868
35917394;04849-080;-23.7426278;-46.6723448
35074743;08475-320;-23.5915181;-46.4036275
35902248;03820-140;-23.4964985;-46.500702
35201972;05822-015;-23.6630584;-46.7481204
35001491;03370-040;-23.5697736;-46.5585177
35924374;03828-000;-23.4824685;-46.4920369
35001764;03227-020;-23.5890426;-46.5707578
35002720;03720-040;-23.5025541;-46.5319085
35002525;03632-020;-23.5281035;-46.5488175
35053788;04458-050;-23.6876537;-46.6743289
35909002;03581-200;-23.5551043;-46.4976131
35000383;02751-000;-23.4847051;-46.6807958
35055585;08151-710;-23.5095238;-46.4060464
35902615;08381-020;-23.6064431;-46.4352619
35046061;04912-040;-23.6832334;-46.7456584
35004777;04130-050;-23.6040035;-46.61810819999999
35098632;05880-290;-23.6843037;-46.79018139999999
35092575;05186-150;-23.4341917;-46.7519034
35044398;04917-040;-23.6881886;-46.7496628
35002240;03360-000;-23.5697036;-46.5452576
35000188;05110-000;-23.4957723;-46.7454347
35053892;04446-160;-23.6863936;-46.682809
35055759;08040-420;-23.5087962;-46.44771679999999
35037643;05125-050;-23.5035988;-46.7388758
35004789;04134-050;-23.6060335;-46.6239183
35062789;08485-310;-23.5936706;-46.4092768
35054173;04285-040;-23.6122536;-46.6034532
35036808;03683-150;-23.5236136;-46.483297
35003049;08122-210;-23.4937388;-46.3767561
35001508;03178-000;-23.5526757;-46.5855049
35054045;04419-140;-23.6822737;-46.6426287
35055414;08235-560;-23.5156169;-46.4624004
35000620;02729-080;-23.5037958;-46.6922668
35070185;05874-060;-23.6994534;-46.7828647
35001454;03103-000;-23.5544764;-46.6114223
35000371;02615-100;-23.4704029;-46.6563631
35000917;02045-080;-23.4939631;-46.6162629
35041038;05815-055;-23.6607534;-46.7371693
35092952;08474-000;-23.5816834;-46.4032734
35044465;04889-000;-23.8221289;-46.7517399
35003414;01153-000;-23.5322232;-46.6518182
35054872;02865-110;-23.4767329;-46.6767432
35248393;02990-120;-23.4282395;-46.7285093
35207676;02011-100;-23.5102232;-46.626168
35054446;02237-000;-23.4657269;-46.5716486
35046279;03591-020;-23.5494257;-46.4801738
35055136;03687-060;-23.5266336;-46.487397
35003116;08295-300;-23.5474588;-46.4545569
35904302;08461-620;-23.562219;-46.4069016
35924684;04949-110;-23.7206725;-46.7701807
35914708;08451-050;-23.5559519;-46.4096529
35002069;03908-290;-23.5802496;-46.5072374
35910788;08070-060;-23.4922386;-46.4650518
35004066;05325-200;-23.5413229;-46.758854
35003748;04106-062;-23.5787484;-46.6354705
35046059;04857-350;-23.7828239;-46.6939144
35003918;04542-000;-23.5876633;-46.6785611
35048720;05893-000;-23.6584082;-46.7893096
35037734;02471-160;-23.483673;-46.6512031
35087142;03980-050;-23.6153849;-46.5124275
35040332;08041-500;-23.5141921;-46.4375034
35001512;03167-060;-23.5557834;-46.5968879
35053466;04323-010;-23.6458994;-46.6379528
35055591;08190-000;-23.4935988;-46.4022563
35055049;03983-080;-23.6079239;-46.5099575
35002926;08110-220;-23.5020026;-46.4008721
35001302;02370-020;-23.461493;-46.6217628
35046346;05822-000;-23.6657234;-46.7536994
35053557;02557-120;-23.4672453;-46.6757206
35001752;03984-020;-23.6063448;-46.5101725
35054793;03567-000;-23.5384747;-46.4919271
35054355;03065-025;-23.5395834;-46.5802577
35902809;03928-235;-23.606079;-46.4988161
35003487;01224-000;-23.5415682;-46.6515263
35053156;05626-000;-23.5927652;-46.73134599999999
35038180;04326-010;-23.6613637;-46.6354886
35055207;08420-130;-23.5405631;-46.42909359999999
35004844;04296-100;-23.6196886;-46.6032482
35000310;02533-010;-23.4996531;-46.6534981
35054720;02166-100;-23.5261534;-46.58228769999999
35053454;04351-050;-23.64461;-46.654844
35003098;08280-005;-23.5570688;-46.4733675
35098668;03524-030;-23.5509136;-46.5148123
35035646;04434-110;-28.2662627;-52.3866953
35906141;02676-010;-23.4575179;-46.6717531
35002598;03526-000;-23.5536061;-46.4919328
35037035;08040-130;-23.5060006;-46.446515
35004364;04243-000;-23.6261487;-46.5866081
35004339;04255-080;-23.6235837;-46.5950431
35003037;08021-300;-23.5027087;-46.4359816
35036559;03563-220;-23.5478373;-46.4909974
35000632;02805-140;-23.480037;-46.69770159999999
35038131;05338-100;-23.551121;-46.747128
35000462;02537-000;-23.490742;-46.6523281
35000450;02927-000;-23.4981844;-46.7025333
35055086;03240-040;-23.5982737;-46.5453977
35092964;08470-790;-23.5907791;-46.3946616
35055438;08270-001;-23.5761538;-46.4795172
35909191;08441-000;-23.5300149;-46.4049755
35044428;04777-040;-23.6929086;-46.6967691
35130321;02995-000;-23.4385346;-46.7279085
35923515;08431-191;-23.5371822;-46.41768279999999
35000012;05118-000;-23.5152808;-46.7463119
35055293;08225-000;-23.5314437;-46.4583428
35039287;04474-220;-23.7012648;-46.6443988
35282397;04859-100;-23.7652847;-46.70374080000001
35924799;04896-260;-23.8581068;-46.7061567
35003281;08452-180;-23.5356589;-46.39691639999999
35002586;03636-000;-23.5223845;-46.5260273
35924817;04877-170;-23.8781794;-46.6397153
35926048;08473-533;-23.5838516;-46.393069
35004765;04045-004;-23.6248135;-46.6405085
35054598;03432-000;-23.5584028;-46.5385296
35921312;08240-730;-23.5223938;-46.4385267
35005009;05888-160;-23.6748383;-46.7899197
35001697;03286-000;-23.5924637;-46.5343976
35284324;08473-370;-23.6057841;-46.4096918
35916812;04897-340;-23.8702629;-46.6771736
35002227;03085-030;-23.5310334;-46.5685776
35055189;08420-650;-20.8126609;-49.3807063
35078759;03923-085;-23.5886765;-46.512652
35002070;03325-000;-23.5514017;-46.5577962
35039385;04891-070;-23.8398312;-46.7357609
35098735;08375-000;-23.6023276;-46.4549324
35000309;02515-050;-23.5106191;-46.6576032
35005058;04475-100;-23.7031977;-46.6331274
35906189;08465-000;-23.5663423;-46.3972707
35053387;04635-022;-23.6417335;-46.6685087
35002458;03530-050;-23.5395536;-46.5199673
35002082;03335-100;-23.5573024;-46.56562520000001
35036973;03210-001;-23.6034366;-46.5487645
35053132;05382-040;-23.5738719;-46.76235920000001
35003876;05434-020;-23.5565631;-46.6947136
35054926;03982-190;-23.6129539;-46.5075775
35916730;08341-250;-23.602364;-46.451307
35915701;08141-000;-23.5230476;-46.3918689
35001797;03213-050;-23.6062226;-46.5608071
35000942;02037-001;-23.4999782;-46.6172579
35053478;04309-011;-23.6544437;-46.6367185
35037722;02832-110;-23.4801615;-46.6928707
35038143;01529-001;-23.5673384;-46.6340482
35003852;01303-030;-23.5486832;-46.6472083
35002719;03731-000;-23.5089524;-46.534316
35907157;08081-380;-23.4903287;-46.4191314
35037624;05797-000;-23.6552983;-46.7727595
35200062;08485-020;-23.5958374;-46.4110783
35399930;02808-000;-23.4699586;-46.701325
35054800;03552-010;-23.5353336;-46.5002672
35902925;04775-090;-23.6853936;-46.7026591
35004649;04167-001;-23.6341836;-46.6159383
35038271;04812-240;-23.7093412;-46.6868328
35053417;04630-040;-23.6348085;-46.6619157
35906177;08470-600;-23.5999902;-46.39343359999999
35901714;03576-160;-23.4624806;-46.3274441
35417440;05767-001;-23.6334582;-46.7587693
35418161;05885-680;-23.6782758;-46.7871567
35418213;05887-000;-23.6754437;-46.796837
35053442;04231-030;-23.6078181;-46.59454359999999
35924398;05267-000;-23.4419065;-46.7944167
35037588;04883-200;-23.8078045;-46.7351565
35000224;02945-100;-23.4829288;-46.7264726
35055530;05207-050;-23.3988974;-46.7527985
35904922;08474-000;-23.5796891;-46.40086160000001
35003426;01133-020;-23.5203731;-46.6576682
35924404;04945-230;-23.7168834;-46.7822398
35055612;08190-340;-23.4893488;-46.3958363
35002136;03460-000;-23.5669337;-46.5141674
35923473;05842-070;-23.6491496;-46.744827
35068809;04426-000;-23.6817137;-46.6452787
35036730;04846-010;-23.7448688;-46.6899392
35046255;02990-060;-23.4280057;-46.7260923
35044436;04870-425;-23.7734238;-46.7379197
35055359;03584-000;-23.5551785;-46.4919884
35207861;08343-320;-23.6050938;-46.447116
35053806;04747-050;-23.6551835;-46.699489
35000905;02410-000;-23.4753031;-46.6234878
35036729;04846-000;-23.7445338;-46.6903192
35002124;03073-050;-23.5321335;-46.5546075
35433615;04255-080;-23.6235837;-46.5950431
35037709;02976-200;-23.4736078;-46.7155085
35002902;08011-390;-23.4982409;-46.4447126
35039251;08390-255;-23.6254794;-46.4471158
35003840;05435-040;-23.5518331;-46.6889986
35055724;08120-000;-23.4990188;-46.3945663
35038179;04162-000;-23.6286183;-46.61880530000001
35909166;08381-660;-23.6132438;-46.4278924
35001296;02210-000;-23.4850942;-46.5802326
35001909;03150-020;-23.5850337;-46.5861074
35041051;05855-300;-23.6617417;-46.76662530000001
35054318;04931-070;-23.6831534;-46.7562995
35282376;05662-020;-23.6126742;-46.726061
35000978;02075-030;-23.5047782;-46.6002878
35054124;04191-140;-23.6480848;-46.6047896
35040320;08235-160;-23.5170068;-46.45252379999999
35001314;02321-170;-23.4479517;-46.58912
35417397;08340-120;-23.6083748;-46.4633415
35000875;02432-070;-23.4852683;-46.6385557
35053053;02874-140;-23.4581221;-46.67838099999999
35408360;03813-240;-23.487071;-46.4672588
35053545;01514-020;-23.5546033;-46.6286881
35408608;08151-300;-23.5144588;-46.4025314
35053296;03721-090;-23.5035484;-46.52676220000001
35090585;02873-250;-23.4551973;-46.6844178
35003864;04533-050;-23.5858978;-46.685958
35223165;02181-190;-23.5177284;-46.5586925
35923795;08142-230;-23.5097489;-46.3797852
35053041;01321-010;-23.5582773;-46.6415653
35036560;08430-540;-23.5307122;-46.4212861
35902627;08490-000;-23.569334;-46.4003866
35037369;03382-167;-23.477796;-46.6892877
35004078;04075-000;-23.6085574;-46.6506218
35902524;05894-440;-23.6538411;-46.7883665
35298177;08471-000;-23.5944691;-46.4058267
35056996;05588-001;-23.5789591;-46.7461311
35381111;04308-000;-23.6382236;-46.64128849999999
35072230;08395-320;-23.6235198;-46.4561296
35356736;05856-020;-23.6494256;-46.7859466
35060331;05841-160;-23.6457333;-46.7446293
35246360;05570-030;-23.602436;-46.7923225
35057125;04777-000;-23.705608;-46.7001182
35271111;08225-380;-23.5301374;-46.4657458
35298232;05879-000;-23.6865525;-46.7948753
35060562;05789-000;-23.6357932;-46.7768495
35057332;08472-721;-23.569059;-46.4110753
35298268;02274-100;-23.4650421;-46.5840975
35397477;05347-010;-23.55213;-46.7391259
35057551;08430-810;-23.5365122;-46.4242888
35249828;08341-240;-23.602244;-46.45032699999999
35249804;04849-503;-23.7439339;-46.660729
35356815;02814-000;-23.4589223;-46.708573
35399700;05867-380;-23.6745998;-46.769011
35356852;08451-420;-23.5436439;-46.3970314
35242202;04890-090;-23.8266471;-46.72307139999999
35397064;03385-150;-23.5809632;-46.5246864
35271160;08141-290;-23.5138939;-46.3906682
35057666;04240-110;-23.6217537;-46.58381809999999
35413012;05712-040;-23.6206684;-46.7297178
35397271;05267-174;-23.4404032;-46.7877614
35396692;04177-070;-23.6432094;-46.6096119
35057836;08062-590;-23.5114488;-46.4741616
35056716;03572-020;-23.5731838;-46.5025623
35058002;05185-420;-23.4351138;-46.7508718
35058075;05203-200;-23.4062773;-46.7508718
35357030;03819-160;-23.5003635;-46.497737
35357091;03969-000;-23.6092639;-46.4947124
35058452;04853-015;-23.7607036;-46.66882440000001
35357121;08191-330;-23.4798692;-46.3810666
35058185;05160-030;-23.4822367;-46.7591458
35058212;08115-000;-23.4938913;-46.38971369999999
35356612;04962-000;-23.7354792;-46.7804933
35298293;04823-090;-23.7273737;-46.6968992
35924775;04848-060;-23.7349278;-46.67853909999999
35242263;04960-020;-23.7288484;-46.7895768
35434292;08090-000;-23.4822186;-46.4313715
35039123;08140-060;-23.5096263;-46.3942695
35444133;08142-004;-23.5143089;-46.3836963
35444121;08440-520;-23.5310392;-46.4068753
35039263;03966-020;-23.5983489;-46.4793822
35068676;08152-110;-23.5133572;-46.4038736
35000231;02867-000;-23.4711779;-46.6835383
35053399;04616-003;-23.6212194;-46.6712207
35902913;04859-100;-23.7647828;-46.7033224
35048719;05873-190;-23.6886634;-46.77739469999999
35003104;08280-590;-23.5676939;-46.4711557
35055426;08311-080;-23.623784;-46.4716523
35434085;08485-460;-23.5773118;-46.4134797
35286448;02998-260;-23.4381076;-46.7361435
35923679;04814-720;-23.7317806;-46.6862292
35005423;04852-006;-23.7589639;-46.66541309999999
35201959;08485-440;-23.58373;-46.4124167
35055013;08310-000;-23.629359;-46.4621394
35924003;08150-110;-23.6737959;-46.6618122
35054324;04942-080;-23.6980134;-46.7736497
35001910;03192-100;-23.5725965;-46.57768979999999
35054938;03261-040;-23.5870151;-46.5523766
35000255;02809-040;-23.4711785;-46.7031369
35004085;05340-000;-23.5701361;-46.740723
35925408;05842-070;-23.6491496;-46.744827
35207822;08485-475;-23.5875513;-46.4212861
35040997;05763-450;-23.6416078;-46.7581268
35906165;08441-100;-23.5321614;-46.3995264
35055402;08370-030;-23.598274;-46.453367
35925251;08223-340;-23.5258737;-46.4720919
35922912;08490-000;-23.6012941;-46.4086852
35000528;02545-060;-23.493693;-46.6611182
35925305;04851-000;-23.7527839;-46.6738841
35925317;04851-506;-22.9949778;-47.019741
35925159;04896-360;-23.8587384;-46.7067607
35002112;03307-005;-23.5465535;-46.5740077
35419357;08473-591;-23.5852494;-46.3936693
35921464;08340-520;-23.611359;-46.45193709999999
35352573;08344-000;-23.6085144;-46.4469156
35916766;08257-030;-23.5523821;-46.4254899
35419394;08473-090;-23.5790341;-46.3945316
35389389;02617-140;-23.4645501;-46.659671
35415376;04858-140;-23.7724939;-46.70789449999999
35055300;03577-040;-23.5510382;-46.5042296
35037096;08431-191;-23.5371822;-46.41768279999999
35037680;02816-030;-23.4601028;-46.7072484
35300913;04270-001;-23.5927185;-46.6131232
35002574;03654-010;-23.5245735;-46.5167872
35001235;02278-040;-23.4592111;-46.5796775
35068780;05781-310;-23.6498773;-46.75858239999999
35037758;02452-001;-23.5013421;-46.6434311
35281438;05565-090;-23.596439;-46.7878514
35000292;02878-120;-23.4528428;-46.6860982
35400075;08150-040;-23.5141501;-46.4158814
35207962;04851-340;-23.7473614;-46.6699304
35004558;04378-300;-23.6463387;-46.66329409999999
35004091;05364-000;-23.57269;-46.7525591
35055335;08280-000;-23.5537738;-46.464983
35207755;08010-100;-23.4942436;-46.4424666
35003001;08010-440;-23.4941387;-46.4331655
35902603;08110-750;-23.4921888;-46.3909162
35915683;08050-390;-23.5114437;-46.4591268
35925385;08111-540;-23.4891688;-46.3757061
35001065;02204-001;-23.4849032;-46.5905301
35044386;05894-430;-23.654229;-46.7883666
35044404;04858-520;-23.7738322;-46.7140091
35004996;05863-100;-23.6767384;-46.7671546
35046024;05508-900;-23.5607418;-46.7337477
35053909;05814-190;-23.6584734;-46.7318492
35003128;08330-230;-23.6202657;-46.46394249999999
35004273;04253-000;-23.6148336;-46.5969281
35003505;01131-000;-23.5240532;-46.6440582
35070178;02011-000;-23.5157432;-46.62677799999999
35098565;04937-210;-23.6868934;-46.7585195
35243607;08451-550;-23.5435962;-46.3900681
35906542;05793-280;-23.6385366;-46.7762685
35037813;03270-020;-23.6003688;-46.5219475
35053521;05305-031;-23.534743;-46.7256688
35911537;02678-000;-23.4553279;-46.655998
35003013;08080-000;-23.4865612;-46.429374
35249312;08380-200;-23.598959;-46.440956
35046036;02236-020;-23.4734182;-46.5683174
35559210;05161-000;-23.4838857;-46.7552518
35923503;04433-220;-23.6840637;-46.6585188
35925949;04962-020;-23.7438635;-46.7846299
35267971;08473-175;-23.5868991;-46.3807865
35095631;03978-520;-23.621192;-46.50182359999999
35001582;03047-000;-23.5441583;-46.610998
35004807;04311-001;-23.6325886;-46.63772849999999
35245159;05869-270;-23.6764833;-46.7709696
35005356;04764-001;-23.6696685;-46.71446419999999
35041750;05762-230;-23.6424482;-46.7621894
35004935;04401-010;-23.6635836;-46.66404379999999
35000577;02563-010;-23.489543;-46.6699282
35039135;08121-080;-23.4966558;-46.3865977
35037333;03474-020;-23.5732637;-46.5153674
35098474;05563-120;-23.602622;-46.7852244
35916523;08131-300;-23.5014147;-46.3792829
35275013;05269-060;-23.4345574;-46.7898539
35053302;03714-050;-23.5086589;-46.5391316
35037679;02834-090;-23.473993;-46.6922668
35004881;04414-170;-23.6734637;-46.6393686
35003591;05042-010;-23.524903;-46.6884785
35906955;08240-305;-23.5246368;-46.446515
35054422;02256-090;-23.4751234;-46.5823384
35038106;03911-000;-23.7128712;-46.5027818
35046048;03463-070;-23.5723129;-46.5288991
35901684;02815-000;-23.4447222;-46.7146134
35055360;03583-170;-23.4620672;-46.70071129999999
35001478;03025-000;-23.5359133;-46.611468
35092794;05564-200;-23.59882;-46.7848824
35053570;02727-000;-23.4930384;-46.6898518
35078773;08473-020;-23.5792241;-46.3931165
35924748;02810-000;-23.4440533;-46.7179482
35054252;04858-580;-23.7728789;-46.7059144
35003050;08440-400;-23.5356503;-46.4104775
35072503;02844-130;-23.4720329;-46.68490329999999
35039408;04914-060;-23.6769534;-46.7460794
35902585;08223-250;-23.5291737;-46.4694869
35068810;04405-190;-23.6730137;-46.6584588
35037382;02650-000;-23.460947;-46.657861
35923497;04475-350;-23.7005948;-46.6364487
35003062;08210-170;-23.5412738;-46.4549269
35003657;05458-001;-23.5426509;-46.7140096
35053028;03350-010;-23.5684735;-46.5687678
35055025;03272-000;-23.6595533;-46.7542194
35041774;04845-270;-23.7532286;-46.69770159999999
35048628;03983-090;-23.6098939;-46.5102875
35004121;05359-000;-23.5733391;-46.742539
35054434;02139-020;-23.4920733;-46.57331250000001
35004133;04559-002;-23.6179164;-46.6845288
35271068;02984-090;-23.4442027;-46.7210384
35055712;08070-280;-23.4940436;-46.46135169999999
35002100;03081-030;-23.5338834;-46.5740887
35004716;04139-070;-23.6058935;-46.6322683
35053612;02967-050;-23.5784982;-46.63319509999999
35000267;05141-010;-23.4926403;-46.7291136
35002835;03810-110;-23.4921808;-46.4735608
35200001;02860-080;-23.4715095;-46.6729484
35037084;08460-365;-23.553089;-46.4001815
35005332;04892-190;-23.849005;-46.698181
35062807;05185-400;-23.4424262;-46.7472448
35041798;04884-000;-23.7899489;-46.7151646
35054501;02350-002;-23.4583903;-46.6083253
35438042;04930-055;-23.680647;-46.7510181
35053247;05338-080;-23.552642;-46.753189
35445502;02994-060;-23.456192;-46.7369697
35002860;08081-180;-23.4817037;-46.4197664
35002483;03610-000;-23.5145568;-46.5419742
35046361;04856-070;-23.7552101;-46.69824089999999
35906530;05712-070;-23.6208774;-46.73153079999999
35054636;05121-060;-23.5073939;-46.7315617
35070191;05885-190;-23.6719883;-46.7807596
35053193;05352-080;-23.5565156;-46.7581267
35191905;04937-000;-23.6851524;-46.7617553
35902305;04922-120;-23.6936405;-46.7430138
35004960;04473-040;-23.7003415;-46.6506206
35036274;04931-030;-23.6795434;-46.7552145
35923618;02860-001;-23.4678629;-46.6776582
35002756;03804-065;-23.4992835;-46.4817869
35900060;08032-340;-23.5166958;-46.4257176
35915661;02318-000;-23.4487554;-46.5891202
35001004;02272-030;-23.4689881;-46.5867976
35054161;04163-010;-23.6260836;-46.6139883
35038246;05843-240;-23.6511834;-46.7345692
35001119;02225-010;-23.4810382;-46.5751175
35044441;04852-218;-23.7621539;-46.6732542
35004480;04257-145;-23.6345337;-46.5902581
35005071;04455-360;-23.6829225;-46.6759663
35200037;08151-300;-23.5144588;-46.4025314
35923667;04848-200;-23.7400252;-46.6807956
35002689;03685-050;-23.5250449;-46.4801738
35001120;02334-001;-23.4830081;-46.6196178
35055633;08142-010;-23.5063938;-46.3916013
35003797;04018-031;-23.5848959;-46.6420833
35907029;08461-420;-23.558264;-46.4018265
35053569;03166-000;-23.5519434;-46.5984679
35044337;08253-580;-23.5529264;-46.4435108
35053946;05790-140;-23.6416732;-46.7850096
35053016;04109-010;-23.5765444;-46.6300122
35003633;05025-000;-23.5384481;-46.685821
35925226;08421-520;-23.5666843;-46.4206856
35924520;08121-800;-23.5088839;-46.3785862
35904260;02981-040;-23.4606357;-46.71633449999999
35055448;08380-045;-23.596019;-46.4410069
35918748;02281-214;-23.4499508;-46.5776724
35910776;08180-010;-23.4839337;-46.4134714
35055256;08032-450;-23.5186472;-46.4194968
35269384;05783-150;-23.6463818;-46.7708252
35201923;05211-060;-23.4090974;-46.7611236
35902724;08471-520;-23.6071042;-46.4022667
35904284;08471-010;-23.5991231;-46.39667559999999
35003682;05420-000;-23.5670032;-46.6891176
35003670;01226-020;-23.5392932;-46.6524383
35054811;03546-010;-23.5388936;-46.5092972
35046243;02673-000;-23.4599701;-46.6731256
35004029;04358-130;-23.6385735;-46.65370859999999
35062790;08190-460;-23.4829837;-46.3937162
35041737;05766-300;-23.6297662;-46.7525503
35914733;04940-070;-23.6915034;-46.7652796
35054999;03918-000;-23.5929067;-46.5180675
35925500;05207-000;-23.4001674;-46.7508085
35201960;04860-320;-23.7636633;-46.7128011
35003815;04117-020;-23.5880734;-46.6344783
35000759;02111-031;-23.5150833;-46.5899867
35036791;08150-070;-23.5155476;-46.4152809
35068664;03583-090;-23.5575947;-46.49340309999999
35902500;04470-261;-23.7107638;-46.6596689
35035592;05881-270;-23.6829576;-46.7811073
35001843;03209-040;-23.5974067;-46.5577962
35039317;05754-071;-23.6215691;-46.752146
35037370;02124-002;-23.5025833;-46.5744576
35076144;03254-330;-23.6128378;-46.5325103
35043746;08255-415;-23.5489239;-46.4314717
35004424;04203-002;-23.5931235;-46.6068281
35053636;03626-000;-23.5134512;-46.50904240000001
35038258;05791-050;-23.6477182;-46.7831296
35036717;04941-110;-23.7007644;-46.7756636
35000115;02982-000;-23.4523777;-46.7164984
35909063;08285-300;-23.5545838;-46.4768871
35037394;04803-170;-23.7155106;-46.7120153
35053430;04224-010;-23.5983536;-46.592198
35036766;03823-000;-23.4894735;-46.494152
35906190;08265-290;-23.5841811;-46.4507211
35902861;08111-710;-23.4847972;-46.3798664
35046292;08080-090;-23.4871487;-46.4304465
35233961;05728-050;-23.6316533;-46.7410392
35036262;04843-070;-23.7386138;-46.6955593
35913820;02636-030;-23.4541966;-46.6457944
35054513;02206-000;-23.4820127;-46.5983927
35054902;02673-000;-23.4594099;-46.672949
35048707;08411-100;-23.4847464;-47.4727512
35002094;03421-030;-23.5545436;-46.5459576
35910296;02996-000;-23.4444776;-46.73792359999999
35000656;02403-020;-23.4956531;-46.6276679
35920265;08475-350;-23.5926241;-46.4013226
35002987;08062-270;-23.5124836;-46.4752969
35053727;05140-040;-23.4904079;-46.7260923
35053697;05128-030;-23.4959677;-46.7387828
35001089;02232-000;-23.4792182;-46.5656224
35000279;02806-000;-23.4737158;-46.6995133
35002896;08246-091;-23.5291945;-46.4363018
35053348;02539-000;-23.494173;-46.6569391
35053739;02422-200;-23.469988;-46.639159
35039100;03377-010;-23.5735522;-46.54455
35000024;05208-230;-23.4075924;-46.7584686
35036444;02879-070;-23.4474177;-46.6967583
35910831;08390-240;-23.6300601;-46.4471158
35037011;03819-090;-23.4979635;-46.497887
35003074;08215-290;-23.5368238;-46.4456068
35036500;02955-110;-23.4672518;-46.7194462
35098401;02845-160;-23.4686368;-46.69025329999999
35906578;04856-080;-23.7719539;-46.6943644
35242248;05854-080;-23.6612533;-46.7595694
35922250;03102-060;-23.5528783;-46.6218273
35419977;02720-200;-23.4856604;-46.6749082
35400063;03423-000;-23.5520436;-46.54271749999999
35923540;08451-060;-23.5376495;-46.4002718
35036742;04830-180;-23.7347287;-46.70290929999999
35003839;05412-001;-23.5610932;-46.6771985
35004467;01536-001;-23.5775433;-46.6253387
35000966;02081-070;-23.4943132;-46.6033178
35415388;04860-110;-23.7591036;-46.7134051
35090612;03928-130;-23.6063555;-46.5042297
35004492;04283-050;-23.6079036;-46.60496819999999
35001485;03174-000;-23.5463434;-46.5879278
35904314;08465-220;-23.5648757;-46.3948695
35036821;02611-003;-23.469743;-46.648428
35055128;03732-010;-23.510289;-46.5319085
35041695;03909-070;-21.1159682;-48.964001
35003612;05072-000;-23.522624;-46.7041316
35054367;03444-090;-23.5474336;-46.5326184
35207639;02945-000;-23.482418;-46.7257952
35041014;04653-180;-23.6633236;-46.6750288
35004030;05560-010;-23.589173;-46.78096439999999
35916729;02281-200;-23.4555458;-46.5800823
35053485;04412-090;-23.6740707;-46.6448527
35055311;08210-530;-23.5324388;-46.4437767
35037023;08090-000;-23.482145;-46.431497
35923564;05852-480;-23.6666608;-46.7575222
35053910;04773-170;-23.6827635;-46.7112592
35923461;04824-010;-23.7295944;-46.6964939
35004662;04138-020;-23.6127835;-46.6356784
35054616;02077-080;-23.690888;-46.446843
35003086;08240-010;-23.5244932;-46.4495196
35098371;02365-010;-23.4280683;-46.5873129
35035634;05765-170;-23.6288992;-46.7560353
35910302;02871-080;-23.4633746;-46.6735519
35233894;08131-360;-23.5039039;-46.3745362
35004674;04383-070;-23.6603936;-46.6594087
35911033;04187-170;-23.6481538;-46.59434820000001
35004042;05323-002;-23.5391339;-46.754236
35085558;08160-090;-23.5103938;-46.4092724
35055505;05158-000;-23.4898878;-46.75873139999999
35053624;03034-070;-23.5237782;-46.619863
35055451;03389-050;-23.5909737;-46.5271565
35055165;03757-050;-23.5048135;-46.496362
35055499;05181-280;-23.4560326;-46.7426286
35037357;08180-310;-23.4872837;-46.4107139
35066734;08371-400;-23.5970941;-46.4224871
35055074;03978-000;-23.6160739;-46.50212639999999
35005459;04844-560;-23.7585638;-46.7044244
35245148;05879-000;-23.6865525;-46.7948753
35043953;04929-170;-23.7003683;-46.76417319999999
35039275;04416-330;-22.7402303;-47.3555557
35915671;08235-000;-23.5182931;-46.45793279999999
35901799;04858-570;-23.8061095;-46.67536339999999
35000796;02177-020;-23.5110033;-46.5696476
35925366;04844-560;-23.7585638;-46.7044244
35005344;04893-000;-23.8692239;-46.7369772
35095606;02360-010;-23.4368543;-46.578275
35000930;02017-013;-23.5028136;-46.6420131
35037606;05663-010;-23.6158523;-46.72437
35048732;04832-060;-23.7325493;-46.71763379999999
35036705;04961-150;-23.7360087;-46.7913915
35000700;02114-002;-23.5156733;-46.5862077
35005095;05790-150;-23.6430532;-46.78590459999999
35916500;08020-020;-23.6881339;-46.7634196
35035609;05870-150;-23.6796428;-46.77324429999999
35037059;08410-160;-23.7425108;-46.6901727
35053363;02564-010;-23.486693;-46.6717382
35054835;03557-000;-23.5423574;-46.5060343
35000280;02860-001;-23.4550428;-46.6950873
35039299;04678-020;-23.6663316;-46.6813994
35053200;05368-020;-23.5759054;-46.7526854
35068718;08440-180;-23.5375389;-46.4094215
35923266;08380-220;-23.5965121;-46.4439703
35224236;05547-025;-23.592408;-46.7987995
35000802;02124-050;-23.5061033;-46.5791876
35909130;03945-010;-23.5978189;-46.4901173
35048677;08250-710;-23.5414666;-46.43570099999999
35904867;08410-100;-23.5454677;-46.4152811
35002636;03515-010;-23.5409586;-46.5312574
35407343;04193-050;-23.6681257;-46.7967297
35053958;05892-360;-23.6612682;-46.7865396
35002732;03734-220;-23.6976469;-46.7814305
35002197;03423-000;-23.5520436;-46.54271749999999
35924696;05890-300;-23.6643632;-46.7884397
35002021;03448-120;-23.5544836;-46.5218874
35055001;03152-150;-23.5938682;-46.5824922
35912268;08225-560;-23.5248652;-46.4591342
35902287;04850-020;-23.7521659;-46.6809182
35909117;08311-060;-23.627634;-46.4668472
35004873;04136-000;-23.6107733;-46.62769979999999
35000243;05181-000;-23.4550326;-46.74691370000001
35054057;04467-245;-23.6943138;-46.6485688
35001417;03349-030;-23.5682706;-46.5637257
35005216;04691-040;-23.6738205;-46.6898517
35408384;08142-235;-23.5153539;-46.3818412
35038097;02995-140;-23.4502786;-46.7365936
35004327;04208-001;-23.594246;-46.6009856
35902895;04822-110;-23.731847;-46.6892478
35901787;04764-001;-23.6696685;-46.71446419999999
35090621;03928-220;-23.6045376;-46.50182359999999
35924209;03579-000;-23.5638837;-46.4940372
35408566;08121-001;-23.4974366;-46.3882677
35906797;02356-070;-23.4488924;-46.61202309999999
35054380;03310-000;-23.5456135;-46.5662777
35907108;02810-000;-23.4440533;-46.7179482
35043941;04845-000;-23.7490598;-46.6906882
35000553;02960-020;-23.4957829;-46.6991385
35004285;04250-100;-23.6221407;-46.5981596
35915725;05822-010;-23.6601134;-46.7467694
35003943;05526-000;-23.6030892;-46.7470802
35039111;03437-080;-23.5603986;-46.5273184
35923254;02844-000;-23.4738429;-46.6878733
35223141;05209-000;-23.4128382;-46.7502673
35054641;05135-000;-23.4909177;-46.7466403
35002434;03556-010;-23.5415336;-46.5021372
35003165;03976-020;-23.6114739;-46.49405240000001
35242287;03817-000;-23.4923135;-46.493387
35233882;05267-200;-23.4448388;-46.7913916
35346445;05209-000;-23.4128382;-46.7502673
35354685;02860-001;-23.4450316;-46.705272
35271147;08372-100;-23.6046774;-46.43570099999999
35400087;02363-155;-23.4308439;-46.574058
35300317;02849-130;-23.4619628;-46.6907283
35445393;03579-160;-23.5625237;-46.4959672
35428848;05563-120;-23.602622;-46.7852244
35440024;08310-010;-23.6312841;-46.4579922
35906585;04830-400;-23.7337627;-46.7007493
35054773;04140-000;-23.6071235;-46.6343184
35055141;03693-100;-23.5329137;-46.476437
35005460;04823-080;-23.723247;-46.69770159999999
35920997;04866-000;-23.7884039;-46.7220696
35055220;08460-180;-23.548624;-46.4023815
35053090;02840-080;-20.8129051;-49.3767739
35004900;04410-080;-23.6804937;-46.64819869999999
35004736;04372-050;-23.6483926;-46.6570487
35053594;02878-080;-23.4507738;-46.6885432
35055273;08240-730;-23.5225133;-46.4381042
35048616;02318-020;-23.4476568;-46.5830951
35005484;05834-090;-23.6714034;-46.7549244
35902858;08121-380;-23.5058339;-46.3833162
35000103;02871-040;-23.4611986;-46.6741555
35002173;03310-000;-23.5456135;-46.5662777
35902639;03958-000;-23.5987539;-46.4837573
35053429;04077-003;-23.6144184;-46.6618286
35902718;08260-140;-23.5768107;-46.4399064
35002012;03307-005;-23.5465535;-46.5740077
35043761;05348-020;-23.542743;-46.7412439
35924507;04846-650;-23.5884993;-46.3876676
35242196;04846-550;-23.7593339;-46.6794442
35054264;04830-020;-23.7307387;-46.69896929999999
35005253;04917-070;-23.6862834;-46.74775940000001
35055190;08450-020;-23.5421839;-46.4110565
35098536;04457-100;-23.6200167;-46.5628099
35054756;02131-080;-23.5056333;-46.5854177
35924829;08140-000;-23.510186;-46.3930697
35039305;04430-350;-23.6910887;-46.6482688
35044374;04414-200;-23.6750237;-46.6350486
35005149;04366-000;-23.6624266;-46.66237779999999
35001879;03205-060;-23.6034937;-46.5671529
35200050;03818-000;-23.4972585;-46.493582
35902299;04840-460;-23.7551439;-46.6816742
35053983;04678-100;-23.6710586;-46.6817089
35003451;01218-000;-23.5319132;-46.6419682
35001259;02206-010;-23.4830992;-46.5963027
35002461;03647-000;-23.5262335;-46.5283083
35004728;04330-070;-23.6539386;-46.6482786
35054574;03461-000;-23.5712737;-46.5259525
35046267;05171-400;-23.477046;-46.7496628
35098644;05869-170;-23.6777933;-46.7719796
35054859;03510-040;-23.5356785;-46.5330374
35044313;08111-160;-23.4899538;-46.3805161
35002690;03694-060;-23.5377416;-46.480775
35054461;02355-060;-23.4546682;-46.61202309999999
35055219;08032-370;-23.5203738;-46.4212365
35909099;08331-010;-23.6116598;-46.4693523
35004923;05881-020;-23.6840373;-46.7789397
35000036;02806-000;-23.4737158;-46.6995133
35053855;04467-000;-23.6944937;-46.6560463
35036298;05861-260;-23.6697317;-46.7677913
35000838;02113-012;-23.5181586;-46.5894573
35904173;05569-120;-23.602841;-46.7953965
35053211;05569-110;-23.599056;-46.7932255
35005083;04445-090;-23.6830517;-46.6832105
35038283;04896-020;-16.6542079;-46.5548434
35054276;04840-460;-20.8241092;-49.39356309999999
35001934;03220-200;-23.5993944;-46.5349188
35053867;04713-001;-23.6305644;-46.7000879
35038039;03131-010;-23.5795485;-46.5809319
35037072;08450-150;-23.5434839;-46.4048865
35037801;03253-005;-23.6111838;-46.5354677
35000848;02465-200;-23.489548;-46.65092809999999
35000395;02737-100;-23.4880729;-46.6909284
35054136;04181-050;-23.6376544;-46.5987622
35000541;02543-000;-20.8237557;-49.3948046
35070208;08371-120;-23.5977854;-46.44831749999999
35000413;02975-120;-23.4786828;-46.7106885
35048665;08253-280;-23.5492934;-46.440507
35904569;03811-060;-23.4910335;-46.4837719
35001818;03986-170;-23.60865;-46.5216776
35001041;02232-050;-23.4772032;-46.5610974
35041026;05879-450;-23.6904893;-46.7955148
35054069;05879-000;-23.6865933;-46.79489479999999
35902640;05854-090;-23.6624833;-46.76443949999999
35043928;03572-230;-23.5735038;-46.4984473
35907017;08474-120;-23.5786791;-46.4007766
35036596;04858-465;-23.7709181;-46.718238
35000127;05103-060;-23.5143968;-46.7518549
35054240;04816-090;-23.7043137;-46.6863591
35083948;08081-410;-23.4872087;-46.4194014
35043308;05363-200;-23.5720316;-46.7466404
35092976;08490-600;-23.5909641;-46.40386669999999
35910326;04404-080;-23.6698436;-46.6578287
35046218;02810-000;-23.4551902;-46.7134061
35002392;03664-000;-23.5264936;-46.4984821
35055736;08081-000;-23.4873037;-46.4211214
35233959;04963-160;-23.7489132;-46.7774782
35054847;03552-080;-23.5369036;-46.5042372
35002963;08191-260;-23.4801488;-46.3841111
35910260;08030-660;-23.5103588;-46.4196815
35910855;08051-080;-23.5184096;-46.47067690000001
35901726;08122-270;-23.4988102;-46.3774664
35003475;05019-000;-23.5338331;-46.6816085
35200025;03690-060;-23.5277037;-46.47902699999999
35000516;02522-100;-23.5057431;-46.6603582
35901775;04432-110;-23.6821637;-46.6618988
35001880;03220-100;-23.5929487;-46.5463977
35053995;05685-060;-23.6078193;-46.7048089
35055244;08240-530;-23.5225138;-46.4396177
35002446;03613-030;-23.5184726;-46.533714
35002781;03620-001;-23.5112535;-46.5092721
35041713;08265-000;-23.5721689;-46.4522469
35925457;08071-060;-23.4909145;-46.4555284
35053405;04581-051;-23.6169834;-46.6922848
35001348;02281-110;-23.4514701;-46.57341539999999
35054148;04184-065;-23.6473912;-46.5993649
35908848;04836-360;-23.7446338;-46.7099644
35098760;08090-290;-23.4780286;-46.4265014
35004397;04218-100;-23.6012486;-46.60156809999999
35054677;05116-001;-23.5147538;-46.7465114
35005373;04784-000;-20.4726058;-47.415713
35001824;03125-010;-23.5751846;-46.5903252
35901763;04652-234;-23.6643636;-46.6663788
35354715;02875-020;-23.4609778;-46.6800082
35098772;08160-142;-23.4971237;-46.4150914
35038222;05893-200;-23.6580022;-46.7888246
35249993;02998-120;-23.4392676;-46.7323035
35038295;04905-022;-23.6757334;-46.75318439999999
35055323;03947-030;-23.5893438;-46.4926723
35000863;02418-090;-23.4704118;-46.6283029
35053659;01251-060;-23.5639988;-46.5327224
35001090;02135-001;-23.4948732;-46.58132759999999
35055372;08330-480;-23.6117667;-46.465145
35038167;04182-070;-23.6397942;-46.5969542
35003542;05086-030;-23.5256929;-46.7224437
35005046;04424-030;-23.6856338;-46.6385497
35078785;05868-120;-23.6714728;-46.7835269
35039342;05264-050;-23.4459125;-46.7850939
35094785;08130-110;-23.5095539;-46.3702161
35271248;04850-190;-23.7544739;-46.67790919999999
35901751;05874-000;-23.6976734;-46.7828597
35223232;08275-570;-23.5690738;-46.4808471
35916808;04937-010;-23.6862634;-46.7658596
35048690;08245-300;-23.5188438;-46.4324766
35002677;03533-000;-23.5437936;-46.5167873
35005368;04826-000;-23.725055;-46.708574
35035658;04929-080;-23.7000985;-46.7644696
35041786;04943-120;-23.7062042;-46.7913916
35271032;05108-130;-23.5083792;-46.7581268
35001806;03273-410;-23.5793156;-46.5620558
35902810;08275-490;-23.5757233;-46.4873895
35055669;03873-000;-23.5100473;-46.4952076
35001077;02352-030;-23.4564031;-46.5957488
35001995;03427-000;-23.5519536;-46.5351675
35004601;04166-003;-23.6407153;-46.610215
35043771;04432-110;-23.6698369;-46.66972879999999
35001958;03137-050;-23.5800246;-46.5763719
35902792;03978-180;-23.6216448;-46.5066359
35001922;03236-030;-23.5967837;-46.5502877
35039093;03918-055;-23.5874037;-46.5222475
35200049;08210-661;-23.5316288;-46.4427867
35000085;05172-270;-23.4815027;-46.74583070000001
35916493;08062-520;-23.5119846;-46.4731039
35000073;02881-100;-23.4672929;-46.67487819999999
35074767;08311-560;-23.6321041;-46.4571872
35004315;04206-000;-23.5775435;-46.60502810000001
35055566;05201-070;-23.4017674;-46.7412004
35046310;08246-106;-23.53035;-46.4338989
35000851;02130-020;-23.5060233;-46.5882277
35054458;02229-001;-23.4791496;-46.5680345
35053223;05594-040;-23.5819311;-46.737033
35001144;02265-002;-23.4747522;-46.5906872
35004741;04154-020;-23.6260336;-46.6195883
35092745;08465-050;-23.5641064;-46.3954698
35037795;02218-000;-23.4883832;-46.5866576
35005393;04857-040;-23.7849687;-46.6832103
35005022;04405-020;-23.6679836;-46.6562187
35003955;05532-040;-23.5766613;-46.72488389999999
35054586;03355-000;-23.5587126;-46.5530676
35005204;05786-110;-23.6346932;-46.77050939999999
35909087;08270-460;-23.5665475;-46.4621396
35003967;05530-090;-23.5771695;-46.7200504
35001200;02138-030;-23.4947748;-46.57589160000001
35909038;03756-020;-22.2165552;-49.9364555
35054008;04689-000;-23.669084;-46.691663
35037448;04810-050;-23.7119887;-46.6967692
35004583;04349-210;-23.6512536;-46.6493186
35004893;04120-050;-23.5956485;-46.6343383
35904648;08110-290;-23.4994831;-46.4032733
35904636;08111-430;-23.4936088;-46.3731261
35036286;04430-180;-23.6897437;-46.65264879999999
35054203;04186-100;-23.6458926;-46.59333849999999
35923059;04890-310;-23.8292798;-46.7146132
35900102;04925-040;-23.7062635;-46.7461695
35054012;05788-310;-23.6329832;-46.7739395
35050386;04852-218;-23.7621539;-46.6732542
35055542;02991-100;-23.4383386;-46.7280085
35904247;05187-270;-23.4444476;-46.7509986
35906803;02345-000;-23.4671454;-46.61081799999999
35906591;04894-410;-23.866859;-46.7550001
35053036;03351-050;-23.5707517;-46.5638184
35004868;04417-270;-23.6804607;-46.6348266
35040964;03801-120;-23.5031235;-46.48977199999999
35053685;02942-000;-23.4774728;-46.7216986
35269372;02324-070;-23.4448931;-46.5869475
35005290;04856-070;-23.7552101;-46.69824089999999
35054070;05796-020;-23.6506181;-46.773849
35053673;02969-100;-23.4850285;-46.712197
35908939;03981-020;-23.6139639;-46.5165775
35270404;04421-180;-23.6916038;-46.6394787
35003136;08260-005;-23.5152857;-46.4548788
35054082;04733-100;-23.6473984;-46.70224899999999
35223219;08061-440;-23.5030606;-46.4693523
35914691;08140-060;-23.4930448;-47.4955142
35068834;05853-310;-23.6589433;-46.7529194
35924805;04849-308;-23.7340939;-46.66157399999999
35925160;04849-308;-23.7340939;-46.66157399999999
35925172;04849-308;-23.7340939;-46.66157399999999
35054471;02258-220;-23.4751234;-46.5823384
35003980;04068-020;-23.620886;-46.6453235
35909051;03951-090;-23.5454578;-46.3711061
35242214;04845-200;-23.7506344;-46.6958899
35037424;05544-000;-23.5900362;-46.7635685
35921324;04875-060;-23.8444656;-46.6983055
35923527;08452-180;-23.5356589;-46.39691639999999
35039238;03810-060;-23.4874685;-46.4748368
35003736;04532-080;-23.5809235;-46.6706143
35036778;08050-710;-23.5086036;-46.4598068
35284300;08151-280;-23.5209053;-46.4050742
35005174;04726-070;-23.6312096;-46.7283289
35068731;08472-120;-23.5707104;-46.3996714
35004112;05564-200;-23.59882;-46.7848824
35036997;03678-050;-23.516108;-46.4897946
35046334;05723-330;-23.6420033;-46.7325402
35041063;04905-023;-23.6772634;-46.76143949999999
35055608;08010-120;-23.4951137;-46.4409966
35053648;03671-010;-23.5186436;-46.50281709999999
35001053;02257-000;-23.4751234;-46.5823384
35055517;02993-000;-23.4515987;-46.7305175
35053259;05396-070;-23.5742519;-46.7738491
35068767;04232-000;-23.6141036;-46.5940131
35005186;05843-000;-23.6531334;-46.7372793
35000498;02720-100;-23.4950775;-46.6774333
35039226;02215-010;-23.4909282;-46.5833526
35233912;08421-107;-23.5643074;-46.4170823
35003141;08461-110;-23.559314;-46.40425159999999
35923606;02837-170;-23.4611728;-46.7009233
35037459;04649-110;-23.6553135;-46.6757038
35053818;05780-260;-23.647064;-46.7514764
35902883;08253-495;-23.5498209;-46.4369026
35004959;04474-340;-23.7079483;-46.6407988
35001867;03294-100;-23.5850737;-46.5487177
35924751;02860-001;-23.4678629;-46.6776582
35003153;08285-060;-23.5519538;-46.469227
35037771;02308-050;-23.4778831;-46.6050177
35004595;04303-191;-23.6256986;-46.63580839999999
35419285;05820-200;-23.6616234;-46.7400083
35429405;05822-015;-23.6630584;-46.7481204
35418250;05866-050;-23.6797291;-46.7671968
35207834;08473-605;-23.5869967;-46.3918686
35098700;08420-730;-23.5506664;-46.4290938
35053879;04468-055;-23.6916667;-46.6644987
35000346;02734-000;-23.487771;-46.682609
35908952;05867-490;-23.6728102;-46.7684063
35053971;04855-280;-23.7691203;-46.6856254
35914812;08280-540;-23.5652825;-46.4699536
35002951;08042-000;-23.5119012;-46.4357541
35054781;04115-090;-23.5877835;-46.6208182
35041048;04459-290;-23.6956427;-46.6724389
35036959;05208-000;-23.4125257;-46.7563129
35005150;04462-000;-23.7020936;-46.65424410000001
35000334;02518-010;-23.5082831;-46.6630082
35004431;04255-140;-23.6219537;-46.5929681
35902834;08161-330;-23.5028929;-46.4164818
35053740;02473-010;-23.4795404;-46.6524306
35923916;08390-400;-23.6339763;-46.4447125
35053752;02440-010;-23.4760881;-46.6482073
35902263;05880-280;-23.6882104;-46.785947
35076181;05574-450;-23.5870007;-46.801073
35005447;04860-050;-23.7604078;-46.7174995
35001338;02261-020;-23.466619;-46.5776724
35053512;04546-001;-23.6001683;-46.6760586
35904582;08470-480;-23.5977591;-46.3966566
35904272;02161-100;-23.4881183;-46.5678275
35002550;03665-010;-23.5270136;-46.4975321
35046280;03726-010;-23.5026606;-46.5150586
35040988;03720-190;-23.5052834;-46.53070229999999
35002616;03565-000;-23.6749845;-46.6601035
35004613;04340-040;-23.6666937;-46.6408686
35038124;01324-000;-23.5574933;-46.6426783
35249786;04904-140;-23.6729144;-46.7385343
35003207;08220-450;-23.5373829;-46.4609374
35003219;08290-500;-23.5527638;-46.4555269
35001673;03254-120;-23.6075928;-46.5276954
35002562;03656-060;-23.5254436;-46.5099272
35048033;04884-000;-23.7899489;-46.7151646
35906980;08253-050;-23.5433494;-46.440507
35923588;08080-040;-23.4873186;-46.4325365
35923576;05872-080;-23.6823654;-46.7750642
35004005;05330-012;-23.5431659;-46.750009
35041725;08290-005;-23.5551938;-46.4533069
35054537;02235-000;-23.4810707;-46.58204509999999
35269359;02860-001;-23.4550428;-46.6950873
35055670;08022-080;-23.4956186;-46.41948439999999
35902780;05858-002;-23.6762383;-46.7905787
35003759;01327-000;-23.5588583;-46.6463383
35902238;03578-050;-23.5603785;-46.5042296
35902822;03813-060;-23.4900686;-46.4665518
35041762;04842-470;-23.7405788;-46.6812692
35002343;03515-000;-23.5381936;-46.5283084
35041701;03932-050;-27.8131698;-50.3432177
35909154;08431-740;-23.5304697;-46.4188839
35410697;04429-060;-23.6782147;-46.6644788
35906529;05372-111;-23.580995;-46.76650619999999
35038301;04851-280;-23.7528689;-46.6691891
35000747;02072-002;-23.4949132;-46.5845676
35004509;04284-000;-23.6094146;-46.6032632
35001223;02373-000;-23.453398;-46.61944769999999
35005236;04930-055;-23.680647;-46.7510181
35004984;04754-010;-23.6515634;-46.7127391
35908940;03910-070;-23.5849309;-46.5138552
35910272;08031-150;-23.5180038;-46.4192325
35004625;04147-080;-23.6209136;-46.6297384
35068779;05890-320;-23.6673632;-46.7921597
35910259;08160-460;-23.4999998;-46.4098772
35925469;05712-070;-23.6208774;-46.73153079999999
35000139;02919-100;-23.490866;-46.7170297
35904259;05158-240;-23.4907734;-46.7617547
35355185;05273-140;-23.4418274;-46.807499
35191917;05844-190;-23.6579294;-46.7403213
35003517;05053-000;-23.5379168;-46.7007211
35003712;01301-100;-23.5516032;-46.6570283
35280331;04811-120;-23.7104542;-46.69347459999999
35053491;04387-270;-23.6777079;-46.65213749999999
35002823;03896-000;-23.5126209;-46.4843834
35044453;04880-130;-23.7850538;-46.7328497
35001685;03147-100;-23.5962986;-46.5677429
35249798;08260-330;-23.5192732;-46.4567303
35003992;04621-003;-23.6275499;-46.6793388
35053703;02933-140;-23.4939715;-46.7128011
35002859;08180-410;-23.485498;-46.4074756
35271073;02820-090;-23.4503953;-46.7085728
35043936;04883-270;-23.8116265;-46.7387828
35054094;04939-010;-23.6887703;-46.7720348
35053797;05831-000;-23.6713734;-46.7463394
35053824;05866-000;-23.6735623;-46.7735004
35002975;08246-090;-23.5325515;-46.4344997
35068792;04430-130;-23.6907837;-46.6493688
35000504;02756-030;-23.4848529;-46.6777683
35002355;03505-000;-23.5344935;-46.5413375
35904296;08471-010;-23.5991231;-46.39667559999999
35917503;04855-200;-23.7722418;-46.6826071
35055098;03280-110;-23.5824136;-46.5385296
35915658;02614-000;-23.473348;-46.6542731
35000401;02965-170;-23.4844737;-46.701929
35039147;04155-010;-23.6310536;-46.62651839999999
35003888;04509-011;-23.5917733;-46.6713436
35037102;02844-120;-23.4696429;-46.6863433
35054562;02311-240;-23.4682551;-46.6028667
35904348;05861-260;-23.6715552;-46.7659878
35005034;04405-030;-23.6679836;-46.6562187
35904338;05750-000;-23.6149912;-46.7453102
35054963;03266-000;-23.5934636;-46.5451523
35000474;02929-000;-23.4940049;-46.7079005
35000358;02555-050;-23.4955929;-46.6670802
35043734;08190-470;-23.4879048;-46.3895662
35055062;03157-010;-23.6207858;-46.536627
35908373;05885-240;-23.6761033;-46.7848197
35091406;08471-740;-23.5999491;-46.4020167
35054021;05759-260;-23.6292598;-46.7684061
35003554;05029-030;-23.5421631;-46.69471859999999
35068822;05821-130;-23.6663934;-46.7506104
35002872;08060-030;-23.4997986;-46.4548967
35054525;02301-000;-23.4846236;-46.6108176
35039214;02176-020;-23.5131433;-46.5727576
35039378;04256-050;-23.6280737;-46.5945982
35908997;03557-010;-23.5391422;-46.5036282
35037461;05792-000;-23.6434632;-46.7757945
35005113;04403-360;-23.6733987;-46.6597388
35296740;05663-010;-23.6158523;-46.72437
35002847;03759-000;-23.5047135;-46.494872
35036754;03728-000;-23.500751;-46.5072373
35907637;05752-590;-16.3477236;-48.9469277
35902512;05848-000;-23.6575652;-46.76115
35036456;05223-070;-23.4095202;-46.740596
35038209;04317-000;-23.6424061;-46.6321635
35901702;03921-130;-23.589128;-46.51566039999999
35054239;04810-140;-23.7097037;-46.6987302
35001211;02214-030;-23.4933382;-46.5866851
35004406;04265-060;-23.5968799;-46.7657131
35053107;02846-040;-23.465107;-46.6952861
35003220;08225-310;-23.5321637;-46.4669219
35037710;02960-000;-23.4925029;-46.7029585
35054331;04835-250;-23.7384237;-46.7077743
35035580;04433-250;-23.6823647;-46.6554388
35003566;05008-010;-23.5292601;-46.68317649999999
35001661;03183-001;-23.5608952;-46.5897229
35048653;08320-880;-23.6245272;-46.4789712
35001971;03452-100;-23.5676387;-46.5101923
35902536;05783-130;-23.6465606;-46.7690109
35098577;05763-440;-23.6463933;-46.7613944
35433718;02860-001;-23.4450316;-46.705272
35053715;02915-100;-23.4948304;-46.7170308
35925329;04855-440;-23.7736445;-46.6832104
35925330;04855-440;-23.7736289;-46.6835193
35036961;08340-320;-23.615479;-46.4558421
35004297;01551-000;-23.5713834;-46.6130881
35408463;08090-580;-23.4770086;-46.4201814
35924015;04856-080;-23.7714635;-46.69347459999999
35907005;08225-410;-23.5301046;-46.46394249999999
35044271;03474-000;-23.5684037;-46.5158074
35923813;05793-280;-23.6385366;-46.7762685
35909208;04822-000;-23.7315538;-46.6881892
35923285;08430-190;-23.525221;-46.4242889
35003924;04518-061;-23.6105407;-46.6717412
35000711;02072-000;-23.4998232;-46.6083478
35924027;04844-300;-23.7515108;-46.7013553
35039366;03891-050;-23.5124186;-46.488167
35004753;04317-240;-23.6435486;-46.6351385
35269360;02281-203;-23.4533729;-46.5806848
35053508;04313-001;-23.6417526;-46.63938350000001
35055645;08160-460;-23.4999998;-46.4098772
35004947;05749-300;-23.6199546;-46.7478494
35902597;08142-260;-23.5193789;-46.3859153
35249750;02442-090;-23.472038;-46.645293
35068688;08140-060;-23.5096263;-46.3942695
35053600;02911-000;-23.5041129;-46.6969885
35004972;05743-210;-23.6128864;-46.75329
35054549;02375-000;-23.4508788;-46.6252878
35914745;05832-230;-23.6752804;-46.75129339999999
35001961;03476-000;-23.5718237;-46.51372240000001
35004418;04223-000;-23.5967836;-46.592118
35004388;04266-060;-23.5917835;-46.6102571
35002513;03604-000;-23.5229534;-46.5498075
35000565;02952-080;-23.471814;-46.7194464
35044283;03589-000;-23.5477724;-46.486187
35035622;05833-080;-23.6682721;-46.759336
35055153;03801-000;-23.5034335;-46.487292
35914678;03589-001;-23.5502621;-46.4825787
35000723;02402-300;-23.4896981;-46.6261679
35000152;05132-110;-23.5048338;-46.7446468
35054495;02276-020;-23.4616401;-46.58431650000001
35925433;05574-460;-23.5852269;-46.8029895
35004443;04278-060;-23.6010335;-46.6082582
35054197;04177-380;-23.6383537;-46.6066583
35054707;05416-002;-23.5522831;-46.6940636
35054343;04836-120;-23.7409517;-46.7097074
35001788;03134-001;-23.5896088;-46.5827556
35002367;03525-080;-23.5524136;-46.5140373
35910995;02865-000;-23.4742529;-46.6769082
35074731;08475-420;-23.5938241;-46.39820659999999
35054604;02051-001;-23.5124252;-46.6088349
35055396;03975-110;-23.6114489;-46.4939224
35054100;04937-010;-23.6862634;-46.7658596
35001570;03033-000;-23.5273932;-46.622178
35044295;03590-000;-23.54327;-46.480775
35037746;02467-060;-23.4913531;-46.6454281
35040472;08311-230;-23.6342192;-46.467549
35002297;03360-010;-23.5683836;-46.5444476
35290543;05187-010;-23.4421326;-46.7492686
35906566;04942-040;-23.6957584;-46.7777497
35004455;01538-000;-23.5688409;-46.6219531
35040460;02806-040;-23.4743119;-46.7001172
35054975;03215-010;-23.6083288;-46.5577961
35054896;02670-030;-23.4655831;-46.6621476
35037400;04920-010;-20.7791203;-49.3794364
35003931;04559-002;-23.6179164;-46.6845288
35043722;03568-020;-23.5451518;-46.4855854
35091424;08471-000;-23.5944691;-46.4058267
35001569;03103-003;-23.5548024;-46.603584
35908368;08490-000;-23.6012941;-46.4086852
35036985;03211-060;-23.6018037;-46.5545278
35908400;05583-030;-23.5829409;-46.7925064
35054392;03306-000;-23.5445934;-46.57569770000001
35053934;05850-270;-23.6598333;-46.7547694
35041683;05160-120;-23.4806207;-46.7582118
35053831;05767-480;-23.6345932;-46.7618994
35001545;03115-020;-23.5620734;-46.598138
35923624;05283-010;-23.4183817;-46.7889846
35417063;08341-000;-23.602274;-46.45206599999999
35271196;08391-280;-20.8061772;-49.3706143
35924258;03813-310;-23.4820985;-46.4716568
35926103;02991-000;-23.4414326;-46.7325785
35924714;05874-080;-23.6996624;-46.7852928
35419345;05774-300;-23.6356133;-46.7495293
35909014;03572-000;-23.5727438;-46.4987173
35925378;04890-360;-23.831696;-46.7266969
35914824;04475-350;-23.7005948;-46.6364487
35000361;02961-030;-23.4919591;-46.6983055
35000735;02422-090;-23.470706;-46.63554
35917382;08131-310;-23.5037855;-46.3797363
35005307;04865-005;-23.7808338;-46.7251546
35923692;04039-050;-23.5988234;-46.64462839999999
35245185;02169-290;-23.5193033;-46.5757276
35002288;03378-060;-23.5098853;-46.5748155
35053880;05778-150;-23.6398533;-46.7512643
35091352;03928-240;-23.6048896;-46.5000191
35000673;02122-011;-23.5141533;-46.5828927
35005125;04753-060;-23.6547434;-46.7131491
35207949;05664-000;-23.6166303;-46.7262701
35048641;03570-160;-23.5630251;-46.4873892
35048604;02679-000;-23.4574639;-46.6636981
35001521;03028-001;-23.5276033;-46.6127579
35918994;01316-020;-23.5538633;-46.6395932
35001399;03191-130;-23.566921;-46.5716486
35037667;05105-010;-23.5108118;-46.7566859
35053375;02510-030;-23.5123931;-46.6505982
35002148;03313-000;-23.5418184;-46.5591046
35005241;04913-110;-23.6788461;-46.7381784
35054653;05271-110;-23.4299462;-46.7932066
35902573;08051-100;-23.5170786;-46.4705069
35055694;08042-080;-23.5091197;-46.4337566
35004571;04047-020;-23.6105835;-46.6440484
35036812;08490-020;-23.5665136;-46.408076
35054288;04812-070;-23.7165592;-46.6898516
35000590;02720-200;-23.4856604;-46.6749082
35048598;02965-020;-23.4863733;-46.7091769
35055621;08061-030;-23.5013898;-46.4651447
35001132;02316-000;-23.4627781;-46.5951776
35053582;02759-100;-23.4823211;-46.67838099999999
35002159;03440-040;-23.5459035;-46.5407565
35902871;08142-180;-23.5121489;-46.3843713
35000899;02081-070;-23.4943132;-46.6033178
35040976;03807-320;-23.5025311;-46.47376939999999
35055578;08021-480;-23.4993795;-46.4302948
35001326;02324-100;-23.4431888;-46.5897227
35004236;05634-150;-23.6046462;-46.7397251
35916754;08450-570;-23.545994;-46.38979639999999
35233985;04892-100;-23.8516991;-46.7147698
35054744;02132-000;-23.5000733;-46.5810976
35003448;01155-010;-23.5302931;-46.6623783
35000322;02524-020;-23.5029268;-46.65001729999999
35046224;08071-130;-23.4908186;-46.4489186
35098486;05374-070;-23.579711;-46.7604052
35003256;08410-130;-23.5468655;-46.41648199999999
35055700;08050-120;-23.5107637;-46.4568108
35036785;08031-760;-23.5058837;-46.4252765
35004856;04026-090;-23.5971304;-46.6492084
35053843;04437-000;-23.6728086;-46.6750189
35207895;04230-045;-23.6097652;-46.5812872
35035661;04829-170;-23.7297937;-46.7089043
35446865;05712-080;-23.6224272;-46.7297178
35004686;04336-160;-23.6650187;-46.6435586
35122063;05202-260;-23.4015525;-46.74294339999999
35001193;02306-005;-23.441043;-46.5936225
35002331;03935-080;-23.5871738;-46.4976873
35000164;05118-000;-23.5152808;-46.7463119
35000644;02912-040;-23.5057829;-46.7095286
35424134;02989-095;-23.5011695;-46.722675
35054297;04782-080;-23.6923459;-46.7031368
35053120;02736-000;-23.4906544;-46.6904555
35001600;03173-010;-23.5505634;-46.5878278
35002948;08150-030;-23.102334;-47.2216789
35000589;02759-030;-23.4833895;-46.6832104
35087191;08410-080;-23.601872;-46.4530395
35245161;04884-000;-23.7952602;-46.7206568
35005198;04727-001;-23.6416814;-46.71642569999999
35098528;04851-070;-23.7539502;-46.670534
35098589;04904-170;-23.6740234;-46.7379393
35200086;04439-070;-23.6751236;-46.6659788
35249749;02675-070;-23.4618129;-46.6726381
35005320;04888-190;-23.8100353;-46.7371893
35053961;05846-270;-23.6569336;-46.7472448
35434097;08421-107;-23.5643074;-46.4170823
35445526;02816-010;-23.461695;-46.7067608
35048021;02234-080;-23.4772782;-46.5714025
35003621;01101-010;-23.5300836;-46.6317961
35055347;03286-000;-23.5924637;-46.5343976
35054987;03147-020;-23.5969637;-46.56566780000001
35039248;08270-090;-23.5575348;-46.46241699999999
35068743;08460-480;-22.3163026;-49.0444045
35001181;02346-140;-23.465688;-46.605995
35055682;08080-650;-23.4833987;-46.4254265
35000814;02673-000;-23.4599701;-46.6731256
35901672;05143-210;-23.4961528;-46.7225686
35004522;04165-011;-23.6271761;-46.6063382
35925767;05041-000;-23.523883;-46.69026849999999
35054884;02635-090;-23.4573929;-46.6458279
35053077;02845-040;-23.4695228;-46.6907183
35004546;04292-050;-23.6126536;-46.6088432
35004819;04124-090;-23.5977235;-46.6217882
35055748;08051-560;-23.5116186;-46.4660968
35002884;08070-380;-23.4955536;-46.4569017
35066266;02986-110;-23.4343127;-46.7140784
35925147;04880-090;-23.7941554;-46.7399915
35267983;08381-800;-23.6062862;-46.4278937
35004534;04369-000;-23.6536536;-46.66462869999999
35000619;02726-000;-23.4993586;-46.688644
35924726;05223-070;-23.4095202;-46.740596
35003463;05095-035;-23.5138949;-46.7233267
35271019;05271-150;-23.4305682;-46.7950217
35035610;05877-150;-23.6947483;-46.78902979999999
35055529;02982-190;-23.4551077;-46.7175934
35004911;05842-020;-23.6394856;-46.7399918
35000097;02855-220;-23.4578178;-46.7020983
35915695;08131-340;-23.5034243;-46.3808746
35914836;04841-000;-23.7351438;-46.6898392
35000985;02041-040;-23.4896681;-46.6203679
35130333;02878-160;-23.4521728;-46.6850782
35925391;08142-800;-1.4233893;-48.47626409999999
35924647;03989-000;-23.617769;-46.4878874
35925445;08071-060;-23.4912436;-46.4553577
35000425;02612-020;-23.4702779;-46.66489809999999
35924246;03820-310;-23.4938085;-46.5043671
35297501;05777-120;-23.640412;-46.7460359
35001892;03132-060;-23.5820254;-46.5842998
35923990;08140-060;-17.7857679;-50.93385290000001
35002793;03726-110;-23.4993311;-46.5174656
35003347;05082-000;-23.5278604;-46.718238
35098590;05868-250;-23.6683682;-46.7768733
35000693;02633-000;-23.4619579;-46.650963
35002379;03641-000;-23.5271135;-46.5364574
35003323;08330-180;-23.6203341;-46.4567326
35055463;03951-090;-23.5875833;-46.48498439999999
35039159;04856-080;-23.7714635;-46.69347459999999
35053260;05373-090;-23.5858361;-46.7593322
35098358;02615-020;-23.471773;-46.654058
35246499;04195-060;-23.6571813;-46.6138318
35037060;08411-350;-23.5538206;-46.41768279999999
35055475;03968-080;-23.6042939;-46.4717522
35003827;01311-000;-23.5695963;-46.6465193
35054550;02247-000;-23.4870432;-46.6005577
35055487;03977-180;-23.6163322;-46.4964101
35243619;02992-210;-23.4473478;-46.7285099
35916535;08131-220;-23.5024275;-46.3757017
35003724;04113-001;-23.5877334;-46.6271282
35054732;02180-020;-23.5212634;-46.56706759999999
35001405;03002-000;-23.5444533;-46.618968
35003372;05056-000;-23.530733;-46.7043986
35048636;03978-270;-23.6180039;-46.5069185
35000668;02461-000;-23.4934181;-46.638398
35041002;05891-160;-23.6646422;-46.7913547
35054483;02320-170;-23.4482465;-46.5951461
35004340;01508-000;-23.5614406;-46.6356118
35268276;08474-210;-23.5807551;-46.3997273
35053314;03905-090;-23.5813946;-46.51566039999999
35902664;04932-430;-23.6824102;-46.7605452
35909178;08151-280;-23.5209053;-46.4050742
35913431;04882-010;-23.8067808;-46.7496655
35916511;08131-310;-23.5037855;-46.3797363
35038155;04149-080;-23.6164336;-46.6185983
35201947;03985-120;-23.6069531;-46.5190999
35054690;05136-270;-23.4977038;-46.7493078
35048689;08215-460;-23.5401288;-46.4438168
35055104;03143-050;-23.5903136;-46.58084789999999
35054628;02072-001;-23.500378;-46.6005401
35001247;02377-080;-23.4573362;-46.630112
35920277;08471-000;-23.5944691;-46.4058267
35902846;08235-590;-23.5165437;-46.4628468
35044325;08255-010;-21.7884547;-48.1725095
35906967;08250-690;-23.5388469;-46.4332982
35038210;04320-110;-23.6494836;-46.63584849999999
35002161;03426-000;-23.5522136;-46.5371675
35044350;05387-020;-23.567292;-46.7647672
35037473;04960-020;-23.7288484;-46.7895768
35041804;04840-460;-20.8263567;-49.3558114
35925354;04859-090;-23.7657338;-46.7038494
35906554;05796-150;-23.650887;-46.778083
35447663;08390-000;-23.6318084;-46.4429102
35041609;04814-070;-23.7209238;-46.6811641
35002318;03386-000;-23.5859427;-46.5186717
35925238;05885-680;-23.6782758;-46.7871567
35003273;08340-020;-23.6006798;-46.4651448
35001363;03003-000;-23.5500043;-46.6252801
35922894;03929-100;-23.6060439;-46.4918723
35055268;08490-500;-23.568869;-46.4159967
35909185;08460-190;-23.551264;-46.40217149999999
35044416;04853-070;-23.7702939;-46.67790919999999
35000059;05267-000;-23.4380724;-46.7916289
35001036;02214-030;-23.4933382;-46.5866851
35003268;08411-280;40.9255782;-8.5607945
35068697;08280-330;-23.5605938;-46.471472
35053065;02860-110;-23.4709138;-46.673552
35001776;03223-110;-23.5909237;-46.5574978
35400324;03589-001;-23.5502621;-46.4825787
35925184;02361-040;-23.4368832;-46.5794798
35907112;03579-140;-23.5622415;-46.4976132
35914712;08412-000;-23.5496389;-46.4074015
35054409;03451-090;-23.5576312;-46.5174654
35910284;08121-590;-23.4942338;-46.3867562
35916785;08490-010;-23.5671078;-46.408076
35002999;08030-350;-23.5016537;-46.4219465
35054768;02083-000;-23.4943882;-46.5984027
35902226;03928-170;-23.6057606;-46.5042296
35001156;02304-002;-23.4812173;-46.603956
35002811;03672-010;-23.5160235;-46.5029271
35923278;08310-000;-23.6293541;-46.4618472
35055050;03193-060;-23.5743683;-46.5776724
35053661;05138-100;-23.4868698;-46.7337977
35000140;02913-100;-23.5018429;-46.7132586
35005472;05816-220;-23.6669495;-46.7399916
35438112;08473-000;-23.5794991;-46.3941615
35048744;04949-120;-23.7206725;-46.7701807
35924386;05280-110;-23.575525;-46.3965802
35924702;05815-055;-23.6607534;-46.7371693
35083963;05583-080;-23.583281;-46.7894844
35002665;03701-010;-23.5141934;-46.5504365
35001740;03275-090;-23.5801148;-46.5547852
35055657;08121-700;-23.5038378;-46.3816666
35909129;08420-690;-23.5488499;-46.4272917
35000061;05204-110;-23.4065974;-46.75524859999999
35054185;04294-030;-23.6242436;-46.6051682
35098541;04433-010;-23.6883799;-46.6590678
35054033;05754-070;-23.6195687;-46.7540483
35419746;05886-400;-23.6791727;-46.7926015
35054719;02127-020;-23.5017432;-46.59113869999999
35902901;04856-200;-23.7776739;-46.6944334
35904326;04243-000;-23.6261138;-46.5885177
35000536;02722-000;-23.5028494;-46.6813994
35053272;05527-000;-23.5984212;-46.7544994
35054951;03260-000;-23.6032293;-46.516864
35000449;02710-000;-23.5097155;-46.67339330000001
35054215;04843-590;-23.7455388;-46.6897992
35095709;05572-000;-23.5950902;-46.7968369
35004510;04271-060;-23.589561;-46.618052
35046309;08021-040;-23.4996697;-46.4360316
35066308;04953-040;-23.7234747;-46.75510370000001
35906153;02323-000;-23.4401598;-46.5806871
35280847;05886-490;-23.6797997;-46.7944166
35409169;04182-080;-23.6405991;-46.5969542
35003293;08295-300;-23.5474588;-46.4545569
35053119;02866-040;-23.4674629;-46.6808582
35053168;05626-070;-23.5948403;-46.7310774
35002410;03621-020;-23.5217335;-46.5236673
35200098;05887-230;-23.6782488;-46.797442
35001387;03342-000;-23.5589545;-46.56898169999999
35002800;03681-020;-23.5226936;-46.487127
35233900;08390-000;-23.6318084;-46.4429102
35910843;03805-080;-23.4989586;-46.4788019
35004248;05522-030;-23.5924881;-46.73639
35046358;04424-010;-23.68707;-46.6409686
35037345;08060-200;-23.5010436;-46.4511617
35053776;04401-160;-23.6703136;-46.6641638
35910797;08040-730;-23.5121863;-46.44831749999999
35000607;02610-010;-23.4807422;-46.6617715
35000681;02071-010;-23.5016882;-46.6123529
35037655;02851-130;-23.4592628;-46.69028830000001
35078797;04890-290;-23.8322141;-46.7124907
35913649;03807-100;-23.4999745;-46.47656629999999
35925196;08141-640;-23.5114539;-46.3878973
35911008;08223-510;-23.5216693;-46.4687513
35002768;03737-020;-23.5081606;-46.5120503
35909105;03977-310;-23.618887;-46.4952072
35908782;08330-140;-23.616524;-46.47102719999999
35004561;04156-040;-23.6325136;-46.6231784
35233973;04895-280;-23.5548958;-46.34494549999999
35924787;04857-190;-23.783479;-46.6790525
35038313;04831-130;-23.7384937;-46.7132294
35098607;05785-180;-23.6246368;-46.7659874
35079881;08141-640;-23.5114539;-46.3878973
35271226;05712-080;-23.6224272;-46.7297178
35037783;02234-000;-23.4812182;-46.5762525
35098498;05528-040;-23.5955121;-46.7549712
35207779;08111-540;-23.4891688;-46.3757061
35055554;02860-001;-23.4450316;-46.705272
35037412;04844-200;-23.7482938;-46.70287829999999
35005435;04904-120;-23.6718934;-46.7383993
35038234;04409-020;-23.6757937;-46.65063869999999
35925342;04857-190;-23.7825162;-46.67958830000001
35053326;03384-020;-23.5781367;-46.52309349999999
35068639;05184-300;-23.4499227;-46.7575222
35001028;02141-000;-23.4890983;-46.5690825
35001727;03988-010;-23.6099689;-46.5043374
35003803;05449-070;-23.5457246;-46.7055528
35039354;03940-090;-23.5951969;-46.5006206
35909048;03821-020;-23.4909435;-46.501337
35923047;08344-600;-23.6122615;-46.44771679999999
35414612;02851-130;-23.4592628;-46.69028830000001
35428851;05574-010;-23.5853894;-46.7497768
35925202;08031-180;-23.5178988;-46.4200415
35925861;02860-001;-23.4678629;-46.6776582
35415397;04809-230;-23.663241;-46.682033
35091340;03924-120;-23.6001218;-46.50904209999999
35087154;03943-090;-23.5972139;-46.4970923
35055281;08412-010;-23.5447589;-46.4093115
35098784;08180-010;-23.4839337;-46.4134714
35000772;02435-001;-23.477613;-46.6356129
35002707;03713-020;-23.5110334;-46.54643739999999
35910338;04434-280;-23.685112;-46.6651023
35925524;05868-820;-23.6640434;-46.7798976
35000048;02860-001;-23.4678629;-46.6776582
35003335;03972-000;-23.6148715;-46.4825787
35271159;08111-730;-23.4892688;-46.3864212
35121484;05851-260;-23.6631733;-46.7587744
35055177;03683-040;-23.518054;-46.4777688
35904594;04849-080;-23.7426278;-46.6723448
35909075;08330-415;-23.6108597;-46.4591342
35922900;08473-440;-23.5764041;-46.3970566
35923597;08110-840;-23.4921888;-46.3909162
35091418;08471-533;-23.6084492;-46.3988457
35001624;03344-000;-23.5624135;-46.5715878
35906207;08253-440;-23.5528262;-46.43930539999999
35904824;04417-260;-23.6797537;-46.63476860000001
35037761;02474-125;-23.4770345;-46.6578609
35908964;05884-100;-23.6737379;-46.7762684
35002471;03505-000;-23.5344935;-46.5413375
35923552;05848-050;-23.6583833;-46.7595294
35005137;04658-240;-23.667686;-46.6675165
35000176;05159-200;-23.4878091;-46.7502673
35242299;02652-110;-23.4576079;-46.657663
35914721;08410-410;-23.5482969;-46.41948439999999
35044261;05265-020;-23.4502125;-46.78870389999999
35054112;05775-230;-23.6346132;-46.75499929999999
35005061;05801-050;-23.6469681;-46.7339481
